Cảnh trong kịch bản,Tên tệp,Video gốc,Bắt đầu nguồn,Kết thúc nguồn,Nội dung video,Mã nguồn
"C2","02_LICH_SU/C2_01_LS_00m00-00m04.mp4","VIDEO_NGAY_TRUYEN_THONG","00:00","00:04","Tham quan phòng truyền thống","LS"
"C2","02_LICH_SU/C2_02_LS_00m04-00m07.mp4","VIDEO_NGAY_TRUYEN_THONG","00:04","00:07","Khung hình nhà trường và đội hình học viên","LS"
"C2","02_LICH_SU/C2_03_LS_00m35-00m40.mp4","VIDEO_NGAY_TRUYEN_THONG","00:35","00:40","Hiện vật và tài liệu phòng truyền thống","LS"
"C2","02_LICH_SU/C2_04_LS_01m20-01m26.mp4","VIDEO_NGAY_TRUYEN_THONG","01:20","01:26","Đoàn khách tìm hiểu hiện vật lịch sử","LS"
"C5","05_DAO_TAO/C5_01_AH_00m54-00m59.mp4","VIDEO_DON_NHAN_ANH_HUNG","00:54","00:59","Giảng viên hướng dẫn trên lớp","AH"
"C5","05_DAO_TAO/C5_02_AH_01m00-01m04.mp4","VIDEO_DON_NHAN_ANH_HUNG","01:00","01:04","Học viên ghi chép","AH"
"C5","05_DAO_TAO/C5_03_AH_01m06-01m11.mp4","VIDEO_DON_NHAN_ANH_HUNG","01:06","01:11","Hoạt động giờ học","AH"
"C7","07_NGHIEN_CUU/C7_01_AH_00m48-00m53.mp4","VIDEO_DON_NHAN_ANH_HUNG","00:48","00:53","Lớp học máy tính","AH"
"C7","07_NGHIEN_CUU/C7_02_HT_00m00-00m05.mp4","VIDEO_HOI_THAO_2024","00:00","00:05","Toàn cảnh hội thảo khoa học","HT"
"C7","07_NGHIEN_CUU/C7_03_HT_00m23-00m27.mp4","VIDEO_HOI_THAO_2024","00:23","00:27","Đại biểu tại hội thảo","HT"
"C7","07_NGHIEN_CUU/C7_04_HT_01m41-01m47.mp4","VIDEO_HOI_THAO_2024","01:41","01:47","Đại biểu trình bày tham luận","HT"
"C7","07_NGHIEN_CUU/C7_05_HT_02m22-02m27.mp4","VIDEO_HOI_THAO_2024","02:22","02:27","Trang tài liệu khoa học","HT"
"C7","07_NGHIEN_CUU/C7_06_HT_03m01-03m05.mp4","VIDEO_HOI_THAO_2024","03:01","03:05","Toàn cảnh hội trường","HT"
"C7","07_NGHIEN_CUU/C7_07_HT_04m07-04m12.mp4","VIDEO_HOI_THAO_2024","04:07","04:12","Đại biểu nghiên cứu và ghi chép","HT"
"C7","07_NGHIEN_CUU/C7_08_HT_06m05-06m10.mp4","VIDEO_HOI_THAO_2024","06:05","06:10","Đại biểu và tư liệu hội thảo","HT"
"C9","09_THANH_TUU/C9_01_AH_00m00-00m05.mp4","VIDEO_DON_NHAN_ANH_HUNG","00:00","00:05","Toàn cảnh lễ đón nhận","AH"
"C9","09_THANH_TUU/C9_02_AH_00m40-00m45.mp4","VIDEO_DON_NHAN_ANH_HUNG","00:40","00:45","Đại biểu tham dự","AH"
"C9","09_THANH_TUU/C9_03_AH_01m32-01m38.mp4","VIDEO_DON_NHAN_ANH_HUNG","01:32","01:38","Trao tặng tại lễ đón nhận","AH"
"C9","09_THANH_TUU/C9_04_AH_01m38-01m44.mp4","VIDEO_DON_NHAN_ANH_HUNG","01:38","01:44","Trao cờ và bằng khen","AH"
