Cảnh kịch bản,Tên tệp,Bắt đầu nguồn,Kết thúc nguồn,Độ dài (giây),Ghi chú
1,01_Mo_dau/01_Toan_canh_nha_truong_00m32-00m36.mp4,00:32,00:36,4,Hình ảnh flycam nhà trường
1,01_Mo_dau/02_Doi_hinh_hoc_vien_00m39-00m43.mp4,00:39,00:43,4,Đội hình học viên
1,01_Mo_dau/03_Toan_canh_truong_bang_flycam_08m58-09m03.mp4,08:58,09:03,5,Toàn cảnh khuôn viên
2,02_Lich_su_thanh_lap/04_Thanh_co_va_khuon_vien_lich_su_01m14-01m22.mp4,01:14,01:22,8,Hình ảnh tư liệu cơ sở trước đây
2,02_Lich_su_thanh_lap/05_Tu_lieu_den_trang_01m34-01m41.mp4,01:34,01:41,7,Montage đen trắng
2,02_Lich_su_thanh_lap/06_Anh_tu_lieu_phong_truyen_thong_02m00-02m06.mp4,02:00,02:06,6,Ảnh phòng truyền thống
3,03_Ky_uc_nam_1979/07_Bang_anh_tuong_niem_liet_si_02m34-02m40.mp4,02:34,02:40,6,Bảng ảnh tưởng niệm
3,03_Ky_uc_nam_1979/08_Tham_quan_phong_truyen_thong_02m40-02m44.mp4,02:40,02:44,4,Tham quan phòng truyền thống
4,04_Qua_trinh_phat_trien/09_Tuong_anh_lich_su_nha_truong_02m07-02m14.mp4,02:07,02:14,7,Ảnh các giai đoạn phát triển
4,04_Qua_trinh_phat_trien/10_Dong_thoi_gian_lich_su_09m58-10m08.mp4,09:58,10:08,10,Đồ họa dòng thời gian
5,05_Giao_duc_dao_tao/11_Gio_hoc_thao_luan_02m20-02m26.mp4,02:20,02:26,6,Giảng đường
5,05_Giao_duc_dao_tao/12_Giang_vien_tren_lop_05m35-05m41.mp4,05:35,05:41,6,Giảng viên giảng bài
5,05_Giao_duc_dao_tao/13_Giang_day_bang_dien_tu_06m29-06m36.mp4,06:29,06:36,7,Màn hình điện tử
5,05_Giao_duc_dao_tao/14_Ren_luyen_dieu_lenh_07m21-07m26.mp4,07:21,07:26,5,Rèn luyện điều lệnh
6,06_Mot_ngay_hoc_vien/15_Tu_hoc_tren_lop_05m56-06m03.mp4,05:56,06:03,7,Tự học
6,06_Mot_ngay_hoc_vien/16_Hoc_nhom_ngoai_troi_07m29-07m35.mp4,07:29,07:35,6,Học nhóm
6,06_Mot_ngay_hoc_vien/17_Huong_dan_huan_luyen_ngoai_troi_07m15-07m18.mp4,07:15,07:18,3,Huấn luyện ngoài trời
7,07_Nghien_cuu_va_doi_moi/18_Su_dung_may_tinh_nghien_cuu_07m38-07m43.mp4,07:38,07:43,5,Máy tính
7,07_Nghien_cuu_va_doi_moi/19_Trao_doi_chuyen_mon_07m44-07m49.mp4,07:44,07:49,5,Trao đổi chuyên môn
7,07_Nghien_cuu_va_doi_moi/20_Hop_hoi_thao_khoa_hoc_07m50-07m55.mp4,07:50,07:55,5,Hội thảo
7,07_Nghien_cuu_va_doi_moi/21_Hoc_vien_thuyet_trinh_08m51-08m55.mp4,08:51,08:55,4,Thuyết trình
9,09_Thanh_tuu_va_ket_thuc/22_Trung_bay_huan_chuong_02m44-02m51.mp4,02:44,02:51,7,Trưng bày phần thưởng
9,09_Thanh_tuu_va_ket_thuc/23_Le_don_nhan_phan_thuong_05m28-05m33.mp4,05:28,05:33,5,Lễ đón nhận
9,09_Thanh_tuu_va_ket_thuc/24_Flycam_toan_canh_ket_phim_10m30-10m39.mp4,10:30,10:39,9,Toàn cảnh kết phim
